date,cloud,weather,visibility_km,solar,temperature_c,rainfall_mm,snowfall_cm,snowdepth_cm,sunshine_hours,windspeed_ms,wind_direction
1985/9/4 1:00,,,,,,0,,,,,
1985/9/4 2:00,,,,,,0,,,,,
1985/9/4 3:00,0+,,,,25.5,0,,,,2.4,쐼
1985/9/4 4:00,,,,,,0,,,,,
1985/9/4 5:00,,,,,,0,,,,,
1985/9/4 6:00,10-,,,,25.2,0,,,,1.5,쐼
1985/9/4 7:00,,,,,,0,,,,,
1985/9/4 8:00,,,,,,0,,,,,
1985/9/4 9:00,10-,,,,27,0,,,,1.6,쐼
1985/9/4 10:00,,,,,,0,,,,,
1985/9/4 11:00,,,,,,0,,,,,
1985/9/4 12:00,2,,,,29.7,0,,,,4,쓌
1985/9/4 13:00,,,,,,0,,,,,
1985/9/4 14:00,,,,,,0,,,,,
1985/9/4 15:00,1,,,,29.9,0,,,,4.1,
1985/9/4 16:00,,,,,,0,,,,,
1985/9/4 17:00,,,,,,0,,,,,
1985/9/4 18:00,3,,,,28.4,0,,,,3.7,쐼
1985/9/4 19:00,,,,,,0,,,,,
1985/9/4 20:00,,,,,,0,,,,,
1985/9/4 21:00,5,,,,27.1,0,,,,3.7,쐼
1985/9/4 22:00,,,,,,0,,,,,
1985/9/4 23:00,,,,,,0,,,,,
1985/9/5 0:00,2,,,,26.8,0,,,,3.3,쐼
1986/9/4 1:00,,,,,,0,,,,,
1986/9/4 2:00,,,,,,0,,,,,
1986/9/4 3:00,0,,,,25.6,0,,,,2.8,쐼
1986/9/4 4:00,,,,,,0,,,,,
1986/9/4 5:00,,,,,,0,,,,,
1986/9/4 6:00,0,,,,25.3,0,,,,1.8,쐼
1986/9/4 7:00,,,,,,0,,,,,
1986/9/4 8:00,,,,,,0,,,,,
1986/9/4 9:00,0,,,,31.3,0,,,,1.3,
1986/9/4 10:00,,,,,,0,,,,,
1986/9/4 11:00,,,,,,0,,,,,
1986/9/4 12:00,2,,,,33.5,0,,,,2.5,
1986/9/4 13:00,,,,,,0,,,,,
1986/9/4 14:00,,,,,,0,,,,,
1986/9/4 15:00,2,,,,33.6,0,,,,5.1,
1986/9/4 16:00,,,,,,0,,,,,
1986/9/4 17:00,,,,,,0,,,,,
1986/9/4 18:00,0+,,,,31.3,0,,,,2.4,쓌
1986/9/4 19:00,,,,,,0,,,,,
1986/9/4 20:00,,,,,,0,,,,,
1986/9/4 21:00,0,,,,28.4,0,,,,1,쓌
1986/9/4 22:00,,,,,,0,,,,,
1986/9/4 23:00,,,,,,0,,,,,
1986/9/5 0:00,1,,,,27.8,0,,,,1.5,k
1987/9/4 1:00,,,,,,1,,,,,
1987/9/4 2:00,,,,,,3,,,,,
1987/9/4 3:00,10,,,,19.3,6,,,,8,k
1987/9/4 4:00,,,,,,5.5,,,,,
1987/9/4 5:00,,,,,,7,,,,,
1987/9/4 6:00,10,,,,18.4,21,,,,7.4,k
1987/9/4 7:00,,,,,,8,,,,,
1987/9/4 8:00,,,,,,2,,,,,
1987/9/4 9:00,10,,,,19.5,0.5,,,,5.3,k
1987/9/4 10:00,,,,,,1.5,,,,,
1987/9/4 11:00,,,,,,1,,,,,
1987/9/4 12:00,10,,,,19.9,1.5,,,,3.7,kk
1987/9/4 13:00,,,,,,4.5,,,,,
1987/9/4 14:00,,,,,,3,,,,,
1987/9/4 15:00,10,,,,20.3,0,,,,3.3,k
1987/9/4 16:00,,,,,,0.5,,,,,
1987/9/4 17:00,,,,,,0,,,,,
1987/9/4 18:00,10,,,,21,0,,,,3.1,kk
1987/9/4 19:00,,,,,,0,,,,,
1987/9/4 20:00,,,,,,0,,,,,
1987/9/4 21:00,10,,,,20.8,0,,,,2.8,kk
1987/9/4 22:00,,,,,,0,,,,,
1987/9/4 23:00,,,,,,0,,,,,
1987/9/5 0:00,10,,,,20.9,0,,,,2.3,kk
1988/9/4 1:00,,,,,,0,,,,,
1988/9/4 2:00,,,,,,0,,,,,
1988/9/4 3:00,7,,,,22,0,,,,4.6,k
1988/9/4 4:00,,,,,,0,,,,,
1988/9/4 5:00,,,,,,0,,,,,
1988/9/4 6:00,10-,,,,21.5,0,,,,3.2,k
1988/9/4 7:00,,,,,,0,,,,,
1988/9/4 8:00,,,,,,0,,,,,
1988/9/4 9:00,10-,,,,24.4,0,,,,4.9,kk
1988/9/4 10:00,,,,,,0,,,,,
1988/9/4 11:00,,,,,,0,,,,,
1988/9/4 12:00,10-,,,,25.6,0,,,,4.9,k
1988/9/4 13:00,,,,,,0,,,,,
1988/9/4 14:00,,,,,,0,,,,,
1988/9/4 15:00,7,,,,27,0,,,,5.6,k
1988/9/4 16:00,,,,,,0,,,,,
1988/9/4 17:00,,,,,,0,,,,,
1988/9/4 18:00,6,,,,24.5,0,,,,6.9,k
1988/9/4 19:00,,,,,,0,,,,,
1988/9/4 20:00,,,,,,0,,,,,
1988/9/4 21:00,9,,,,23.2,0,,,,4.1,kk
1988/9/4 22:00,,,,,,0,,,,,
1988/9/4 23:00,,,,,,0,,,,,
1988/9/5 0:00,10-,,,,22.4,0,,,,3.2,k
1989/9/4 1:00,,,,,,0,,,,,
1989/9/4 2:00,,,,,,0,,,,,
1989/9/4 3:00,10-,4,20,,24.8,0.5,,,,4.4,쐼
1989/9/4 4:00,,,,,,0.5,,,,,
1989/9/4 5:00,,,,0,,0,,,,,
1989/9/4 6:00,10,10,6,0,23.9,2,,,0,3.7,쐼
1989/9/4 7:00,,,,0.03,,2.5,,,0,,
1989/9/4 8:00,,,,0.15,,1.5,,,0,,
1989/9/4 9:00,10,10,8,0.17,24.6,0,,0,0,4.9,쐼
1989/9/4 10:00,,,,0.04,,3.5,,,0,,
1989/9/4 11:00,,,,0.06,,4,,,0,,
1989/9/4 12:00,10,10,6,0.11,23.1,4.5,,,0,5.4,
1989/9/4 13:00,,,,0.23,,2,,,0,,
1989/9/4 14:00,,,,0.35,,0.5,,,0,,
1989/9/4 15:00,10,4,6,0.27,24.6,0,,0,0,3.7,쐼
1989/9/4 16:00,,,,0.48,,0,,,0,,
1989/9/4 17:00,,,,0.55,,0,,,0.1,,
1989/9/4 18:00,10-,4,10,0.04,25.3,0,,,0,5.5,
1989/9/4 19:00,,,,0,,0,,,0,,
1989/9/4 20:00,,,,,,0,,,,,
1989/9/4 21:00,10-,4,10,,25,0,,0,,4.9,
1989/9/4 22:00,,,,,,0,,,,,
1989/9/4 23:00,,,,,,0,,,,,
1989/9/5 0:00,10-,4,10,,24.3,0,,,,4.7,
1990/9/4 1:00,,,,,27.7,0,,,,4.3,쐼
1990/9/4 2:00,,,,,27.5,0,,,,4.9,쐼
1990/9/4 3:00,0,1,15,,27.2,0,,,,4.1,쐼
1990/9/4 4:00,,,,,26.7,0,,,,3.1,쐼
1990/9/4 5:00,,,,0,26.3,0,,,,2.3,쐼
1990/9/4 6:00,0+,1,25,0.08,26.2,0,,,0.4,1.3,
1990/9/4 7:00,,,,0.6,27.1,0,,,1,1.9,쐼
1990/9/4 8:00,,,,1.26,28.2,0,,,1,2.2,
1990/9/4 9:00,0+,1,20,1.87,29.5,0,,0,1,2,쐼
1990/9/4 10:00,,,,2.31,31.7,0,,,1,1.3,쐼
1990/9/4 11:00,,,,2.53,32.8,0,,,1,1.6,쐼
1990/9/4 12:00,2,2,7,2.54,32,0,,,1,4.4,
1990/9/4 13:00,,,,2.56,32.3,0,,,1,5.8,
1990/9/4 14:00,,,,2.09,31.2,0,,,0.9,3.7,
1990/9/4 15:00,4,2,6,1.48,31.9,0,,0,0.7,4,
1990/9/4 16:00,,,,1.3,31.7,0,,,1,4.7,
1990/9/4 17:00,,,,0.48,31.7,0,,,0.7,2.5,쐼
1990/9/4 18:00,3,2,8,0.1,31.4,0,,,0,1.9,
1990/9/4 19:00,,,,0,31.3,0,,,0,1.5,쓌
1990/9/4 20:00,,,,,29.8,0,,,,2.5,
1990/9/4 21:00,10-,4,6,,29.3,0,,0,,2,쓌
1990/9/4 22:00,,,,,30.3,0,,,,3.1,
1990/9/4 23:00,,,,,29.4,0,,,,5.6,
1990/9/5 0:00,9,4,12,,27.2,0,,,,5.5,k
1991/9/4 1:00,,,,,27.4,0,,,,2.1,
1991/9/4 2:00,,,,,27.4,0,,,,1.9,쐼
1991/9/4 3:00,8,2,5,,27.2,0,,,,1.5,
1991/9/4 4:00,,,,,26.9,0,,,,1.8,쐼
1991/9/4 5:00,,,,0,26.4,0,,,,1.6,쐼
1991/9/4 6:00,0+,1,4,0.04,26.5,0,,,0,1.5,쐼
1991/9/4 7:00,,,,0.36,27.3,0,,,0.3,1.6,쐼
1991/9/4 8:00,,,,0.47,27.6,0,,,0,3.1,kk
1991/9/4 9:00,10-,4,3.5,0.8,29.3,0,,0,0.3,0.6,kk
1991/9/4 10:00,,,,1.26,30.2,0,,,0.3,2.3,kk
1991/9/4 11:00,,,,1.2,30.9,0,,,0.3,1.4,쓌
1991/9/4 12:00,10-,4,4,0.84,30.7,0,,,0.1,3.9,
1991/9/4 13:00,,,,1.15,31.1,0,,,0.5,2.5,
1991/9/4 14:00,,,,0.52,30.9,0,,,0,3.6,
1991/9/4 15:00,1,1,4.5,1.23,31.6,0,,0,0.9,3,
1991/9/4 16:00,,,,0.66,30.9,0,,,0.5,2.8,쓌
1991/9/4 17:00,,,,0.11,30.1,0,,,0,5,
1991/9/4 18:00,10,10,4,0,29.5,0,,,0,2.1,
1991/9/4 19:00,,,,0,29,0.5,,,0,2.4,쓌
1991/9/4 20:00,,,,,28.9,0,,,,2,쓌
1991/9/4 21:00,10,4,5,,28.5,0,,0,,1.8,쓌
1991/9/4 22:00,,,,,27.9,0,,,,2.2,쓌
1991/9/4 23:00,,,,,27.5,0,,,,1.7,쓌
1991/9/5 0:00,4,2,8,,27.4,0,,,,2.3,
1992/9/4 1:00,,,,,29.4,0,,,,2.9,쓌
1992/9/4 2:00,,,,,29.3,0,,,,2.4,k
1992/9/4 3:00,3,2,10,,28.7,0,,,,2.8,쓌
1992/9/4 4:00,,,,,28.3,0,,,,1.8,쓌
1992/9/4 5:00,,,,0,28.2,0,,,,2.4,k
1992/9/4 6:00,7,2,10,0.05,28.2,0,,,0,1.5,k
1992/9/4 7:00,,,,0.31,28.6,0,,,0,1.6,k
1992/9/4 8:00,,,,0.71,29.8,0,,,0.2,1.4,
1992/9/4 9:00,3,2,10,1.53,30.9,0,,0,0.7,2.5,쓌
1992/9/4 10:00,,,,2.23,32.4,0,,,1,2.4,쓌
1992/9/4 11:00,,,,2.57,33.1,0,,,1,3.7,
1992/9/4 12:00,7,2,10,2.41,33.8,0,,,1,2.3,쓌
1992/9/4 13:00,,,,2.45,34.3,0,,,1,3,
1992/9/4 14:00,,,,2.26,34.6,0,,,1,3.2,쓌
1992/9/4 15:00,8,2,10,1.71,34.9,0,,0,1,5.9,
1992/9/4 16:00,,,,0.98,33.9,0,,,0.6,4.4,
1992/9/4 17:00,,,,0.53,33,0,,,0.8,4.3,쐼
1992/9/4 18:00,3,2,8,0.09,31.7,0,,,0.1,4.1,쐼
1992/9/4 19:00,,,,0,30.7,0,,,0,3,
1992/9/4 20:00,,,,,29.9,0,,,,1.9,쐼
1992/9/4 21:00,6,2,4.5,,28.5,0,,0,,4,
1992/9/4 22:00,,,,,28,0,,,,2.2,k
1992/9/4 23:00,,,,,27.5,0,,,,3.5,k
1992/9/5 0:00,8,2,10,,27.4,0,,,,2.1,k
1993/9/4 1:00,,,,,20.3,0.5,,,,2,kk
1993/9/4 2:00,,,,,20.2,1.5,,,,2.6,kk
1993/9/4 3:00,10,10,3.5,,20.2,1,,,,1.9,k
1993/9/4 4:00,,,,,20.1,0.5,,,,2.5,k
1993/9/4 5:00,,,,0,20.6,3,,,,2.8,k
1993/9/4 6:00,10,10,2.2,0,21.1,4,,,0,1.5,k
1993/9/4 7:00,,,,0.15,23.8,10,,,0,4.6,
1993/9/4 8:00,,,,0.52,25.3,2,,,0.1,8.1,
1993/9/4 9:00,10,4,10,0.43,26.8,1.5,,0,0,6.9,
1993/9/4 10:00,,,,0.76,27.6,0,,,0,8.6,
1993/9/4 11:00,,,,0.77,27.4,0,,,0,8.8,
1993/9/4 12:00,10,10,1.5,0.39,26.5,6.5,,,0,6.8,쐼
1993/9/4 13:00,,,,1.02,27.2,3,,,0,8.3,쐼
1993/9/4 14:00,,,,1.64,28.6,0,,,0,7.5,쐼
1993/9/4 15:00,10-,4,10,1.29,28.6,0,,0,0,6.3,쐼
1993/9/4 16:00,,,,1.13,29.1,0,,,0.4,5.9,쐼
1993/9/4 17:00,,,,0.69,28.4,0,,,0.3,5.1,쐼
1993/9/4 18:00,10-,3,20,0.26,27.9,0,,,0.4,6.1,쐼
1993/9/4 19:00,,,,0,27.1,0,,,0,5,쐼
1993/9/4 20:00,,,,,26.5,0,,,,5.2,쐼
1993/9/4 21:00,10-,3,15,,26.3,0,,0,,3.7,
1993/9/4 22:00,,,,,25.9,0,,,,5.9,쐼
1993/9/4 23:00,,,,,26,0,,,,4.4,쐼
1993/9/5 0:00,0+,1,15,,25.6,0,,,,4,쐼
1994/9/4 1:00,,,,,24.6,0,,,,0.7,kk
1994/9/4 2:00,,,,,24,0,,,,1.5,
1994/9/4 3:00,0,1,5,,23.7,0,,,,1.6,쐼
1994/9/4 4:00,,,,,23.5,0,,,,1.5,쐼
1994/9/4 5:00,,,,0,23.2,0,,,,0.8,kk
1994/9/4 6:00,0+,1,3.5,0.07,23.6,0,,,0,0.9,kk
1994/9/4 7:00,,,,0.49,25.1,0,,,0.9,0.6,kk
1994/9/4 8:00,,,,1.1,25.9,0,,,1,1.1,쐼
1994/9/4 9:00,1,1,5,1.65,27.6,0,,0,1,1,k
1994/9/4 10:00,,,,1.8,28.7,0,,,0.9,1.5,
1994/9/4 11:00,,,,1.95,29.6,0,,,0.7,2.4,쓌
1994/9/4 12:00,2,2,7,2.57,29.7,0,,,1,4.6,
1994/9/4 13:00,,,,2.54,30.9,0,,,1,1.8,쓌
1994/9/4 14:00,,,,2.34,30.6,0,,,1,4.3,쐼
1994/9/4 15:00,1,1,7,1.84,30.5,0,,0,1,3.1,
1994/9/4 16:00,,,,1.24,30.4,0,,,1,5.3,
1994/9/4 17:00,,,,0.64,29.4,0,,,1,4,
1994/9/4 18:00,3,2,8,0.15,28.9,0,,,0.2,4.2,
1994/9/4 19:00,,,,0,27.3,0,,,0,2.4,쐼
1994/9/4 20:00,,,,,26.9,0,,,,3,쐼
1994/9/4 21:00,1,1,10,,26.5,0,,0,,3.3,쐼
1994/9/4 22:00,,,,,26.1,0,,,,2.8,쐼
1994/9/4 23:00,,,,,25.3,0,,,,1.7,쐼
1994/9/5 0:00,0,1,10,,25,0,,,,1.3,쐼
1995/9/4 1:00,,,,,27.4,0,,,,1,kk
1995/9/4 2:00,,,,,27.2,0,,,,1.4,k
1995/9/4 3:00,10-,4,5,,26.9,0,,,,2.4,
1995/9/4 4:00,,,,,26.8,0,,,,3.3,k
1995/9/4 5:00,,,,0,26.5,0,,,,3.2,
1995/9/4 6:00,10,4,10,0.01,26.2,0,,,0,3.3,k
1995/9/4 7:00,,,,0.18,25.8,0,,,0,4.9,
1995/9/4 8:00,,,,0.97,26.7,0,,,0.6,4.8,
1995/9/4 9:00,10-,4,15,1.36,27.2,0,,0,0.4,3.5,k
1995/9/4 10:00,,,,1.24,27.6,0,,,0,3,k
1995/9/4 11:00,,,,1.61,29.2,0,,,0.2,2.7,쓌
1995/9/4 12:00,10-,4,12,1.77,29,0,,,0.3,3.3,쓌
1995/9/4 13:00,,,,2.03,29.3,0,,,0.4,3.2,쓌
1995/9/4 14:00,,,,2.43,29.1,0,,,1,4,쓌
1995/9/4 15:00,4,2,15,1.9,28.6,0,,0,0.9,3.1,쓌
1995/9/4 16:00,,,,1.36,28,0,,,1,4.4,쓌
1995/9/4 17:00,,,,0.4,27.4,0,,,0,4.4,쓌
1995/9/4 18:00,10,4,15,0.06,26.9,0,,,0,2.8,쓌
1995/9/4 19:00,,,,0,26.1,0,,,0,4.7,쓌
1995/9/4 20:00,,,,,25.9,0,,,,3.3,
1995/9/4 21:00,10-,4,20,,25.7,0,,0,,2.4,
1995/9/4 22:00,,,,,25.5,0,,,,1.3,쓌
1995/9/4 23:00,,,,,25.4,0,,,,1.5,쐼
1995/9/5 0:00,,,,,25.7,0,,,,1.4,kk
1996/9/4 1:00,,,,,23.8,0,,,,1.7,
1996/9/4 2:00,,,,,23.8,0,,,,0.6,쓌
1996/9/4 3:00,8,2,15,,23.3,0,,,,1.1,k
1996/9/4 4:00,,,,,23,0,,,,1.6,k
1996/9/4 5:00,,,,0,22.4,0,,,,2.2,kk
1996/9/4 6:00,1,1,7,0.09,22,0,,,0.1,1.5,k
1996/9/4 7:00,,,,0.55,23.3,0,,,1,1.7,k
1996/9/4 8:00,,,,1.23,25,0,,,1,1.7,k
1996/9/4 9:00,10-,3,8,1.67,26.4,0,,0,1,2.1,k
1996/9/4 10:00,,,,2.17,27.1,0,,,1,2.3,쓌
1996/9/4 11:00,,,,2.74,27.9,0,,,1,2.8,쐼
1996/9/4 12:00,9,4,12,1.22,26.7,0,,,0.3,1.9,쓌
1996/9/4 13:00,,,,0.75,26.9,0,,,0.1,4.5,
1996/9/4 14:00,,,,1.76,27.2,0,,,0.5,2.9,
1996/9/4 15:00,5,2,15,1.25,27.8,0,,0,0.2,3.3,쓌
1996/9/4 16:00,,,,1.17,27,0,,,0.7,4.8,쓌
1996/9/4 17:00,,,,0.42,26.2,0,,,0,4,쓌
1996/9/4 18:00,10,4,12,0.1,25.8,0,,,0,3.5,쓌
1996/9/4 19:00,,,,0,25.1,0,,,0,3.9,쓌
1996/9/4 20:00,,,,,24.4,0,,,,2.7,쓌
1996/9/4 21:00,10-,4,20,,24.2,0,,0,,2.6,쓌
1996/9/4 22:00,,,,,24.1,0,,,,2.6,쓌
1996/9/4 23:00,,,,,24.1,0,,,,2.4,쓌
1996/9/5 0:00,,,,,24,0,,,,1,쓌
1997/9/4 1:00,,,,,26,0,,,,3.1,kk
1997/9/4 2:00,,,,,25.6,0,,,,3.6,kk
1997/9/4 3:00,10-,4,4,,25.5,0,,,,2.1,k
1997/9/4 4:00,,,,,25.9,0,,,,2.5,k
1997/9/4 5:00,,,,0,25.9,0,,,,0.7,kk
1997/9/4 6:00,8,2,5,0.07,26.3,0,,,0.1,1.8,k
1997/9/4 7:00,,,,0.49,27.3,0,,,0.7,4,kk
1997/9/4 8:00,,,,0.54,27.4,0,,,0.1,3.4,k
1997/9/4 9:00,10-,4,6,1.01,27.6,0,,0,0.2,3.6,k
1997/9/4 10:00,,,,1.37,28.1,0,,,0.3,2.7,kk
1997/9/4 11:00,,,,0.75,28.6,0,,,0.1,1.6,쓌
1997/9/4 12:00,10-,4,6,1.14,28.9,0,,,0.1,2.8,쓌
1997/9/4 13:00,,,,0.76,28.7,0,,,0.1,5.4,쓌
1997/9/4 14:00,,,,2.07,29.3,0,,,0.8,4.2,쓌
1997/9/4 15:00,10-,4,10,1.16,28.4,0,,0,0.5,4.7,쓌
1997/9/4 16:00,,,,0.03,25.3,2.5,,,0,3.7,쓌
1997/9/4 17:00,,,,0.02,24.5,3.5,,,0,3.8,k
1997/9/4 18:00,10,10,3.5,0,24.3,2.5,,,0,3.9,k
1997/9/4 19:00,,,,0,24.6,0.5,,,0,3.5,k
1997/9/4 20:00,,,,,24.6,0,,,,3.6,k
1997/9/4 21:00,10-,4,6,,24.7,0,,0,,4.5,k
1997/9/4 22:00,,,,,24.5,0,,,,3.5,kk
1997/9/4 23:00,,,,,24.4,0,,,,2.1,k
1997/9/5 0:00,,,,,23.7,0,,,,4,k
1998/9/4 1:00,,,,,22.3,0,,,,2.7,k
1998/9/4 2:00,,,,,22.2,0,,,,2.2,k
1998/9/4 3:00,3,2,6,,22,0,,,,2.2,k
1998/9/4 4:00,,,,,21.7,0,,,,2.4,k
1998/9/4 5:00,,,,0,21.5,0,,,,3.5,k
1998/9/4 6:00,8,2,3,0.05,22,0,,,0,2.8,kk
1998/9/4 7:00,,,,0.36,22.3,0,,,0,2.6,k
1998/9/4 8:00,,,,0.67,23.1,0,,,0,3,k
1998/9/4 9:00,10-,4,5,1.05,24.3,0,,0,0.2,3.4,k
1998/9/4 10:00,,,,1.17,25,0,,,0.1,2.8,k
1998/9/4 11:00,,,,1.58,25.9,0,,,0.2,3.4,k
1998/9/4 12:00,10,4,7,1.12,26.1,0,,,0,3.2,k
1998/9/4 13:00,,,,0.9,26.8,0,,,0,3.6,k
1998/9/4 14:00,,,,0.36,26.6,0,,,0,4.3,k
1998/9/4 15:00,10,4,6,0.69,26.4,0,,0,0,5,k
1998/9/4 16:00,,,,0.73,26,0,,,0,3.8,k
1998/9/4 17:00,,,,0.48,25.4,0,,,0,4.2,k
1998/9/4 18:00,9,4,7,0.14,24.6,0,,,0,3.6,k
1998/9/4 19:00,,,,0,23.9,0,,,0,4.3,k
1998/9/4 20:00,,,,,23.2,0,,,,4.3,k
1998/9/4 21:00,9,4,7,,22.9,0,,0,,3.2,k
1998/9/4 22:00,,,,,22.9,0,,,,2.3,k
1998/9/4 23:00,,,,,22.5,0,,,,3.6,k
1998/9/5 0:00,,,,,22.3,0,,,,2.8,k
1999/9/4 1:00,,,,,25.7,0,,0,,2.6,
1999/9/4 2:00,,,,,25.6,0,,0,,1.6,쓌
1999/9/4 3:00,10-,4,15,,25.6,0,,0,,1.7,쓌
1999/9/4 4:00,,,,,25.6,0,,0,,0.7,쓌
1999/9/4 5:00,,,,0,25.4,0,,0,,0.9,쓌
1999/9/4 6:00,10,4,10,0.02,25.5,0,,0,0,1.7,쓌
1999/9/4 7:00,,,,0.16,25.8,0,,0,0,1.6,쓌
1999/9/4 8:00,,,,0.32,26,0,,0,0,1.7,쓌
1999/9/4 9:00,10,4,10,0.44,26.3,0,,0,0,2.7,쓌
1999/9/4 10:00,,,,0.75,26.4,0,,0,0,3.2,
1999/9/4 11:00,,,,0.78,26.9,0,,0,0,2.6,쓌
1999/9/4 12:00,10,4,6,0.92,26.5,0,,0,0,3.7,쓌
1999/9/4 13:00,,,,0.48,26.4,0,,0,0,2.6,쓌
1999/9/4 14:00,,,,0.46,26.5,0,,0,0,2.9,쓌
1999/9/4 15:00,10,4,7,0.38,26.5,0,,0,0,2.6,
1999/9/4 16:00,,,,0.21,25.6,0,,0,0,1.8,
1999/9/4 17:00,,,,0.15,24.8,0,,0,0,2.5,
1999/9/4 18:00,10-,4,6,0.07,24.9,0,,0,0,2.1,쐼
1999/9/4 19:00,,,,0,24.6,0,,0,0,1.4,
1999/9/4 20:00,,,,,24.8,0,,0,,1.4,쐼
1999/9/4 21:00,7,2,7,,25.4,0,,0,,2,
1999/9/4 22:00,,,,,24.9,0,,0,,0.8,쓌
1999/9/4 23:00,,,,,25.1,0,,0,,0.9,k
1999/9/5 0:00,,,,,24.7,0,,0,,1.3,
2000/9/4 1:00,,,,,24.5,0,,0,,3,k
2000/9/4 2:00,,,,,23.7,0,,0,,3.6,k
2000/9/4 3:00,9,4,30,,23.7,0,,0,,3.7,k
2000/9/4 4:00,,,,,24.1,0,,0,,2.6,k
2000/9/4 5:00,,,,0,23.9,0,,0,,3.1,kk
2000/9/4 6:00,10-,4,40,0.02,23.5,0,,0,0,5.7,kk
2000/9/4 7:00,,,,0.29,23.4,0,,0,0,4.5,k
2000/9/4 8:00,,,,1.18,24.2,0,,0,0.4,4.2,k
2000/9/4 9:00,10-,4,30,1.05,23.5,0,,0,0,3.7,kk
2000/9/4 10:00,,,,0.4,24.5,0,,0,0,3.8,k
2000/9/4 11:00,,,,0.33,24,0,,0,0,4.2,k
2000/9/4 12:00,10-,10,10,0.19,23,0,,0,0,3.8,kk
2000/9/4 13:00,,,,1.31,25,0,,0,0.1,5.4,k
2000/9/4 14:00,,,,0.28,24.9,0,,0,0,4.5,k
2000/9/4 15:00,9,10,15,0.34,24.6,0,,0,0,5.3,k
2000/9/4 16:00,,,,0.58,24.5,0,,0,0.1,5.5,k
2000/9/4 17:00,,,,0.35,24.3,0,,0,0,5.2,k
2000/9/4 18:00,6,2,15,0.13,23.5,0,,0,0.1,4.6,k
2000/9/4 19:00,,,,0,22.9,0,,0,0,4.5,k
2000/9/4 20:00,,,,,22.3,0,,0,,5.8,k
2000/9/4 21:00,1,1,20,,22.1,0,,0,,4.3,k
2000/9/4 22:00,,,,,22,0,,0,,4.3,k
2000/9/4 23:00,,,,,21.6,0,,0,,4.8,kk
2000/9/5 0:00,,,,,21.7,0,,0,,4.9,kk
2001/9/4 1:00,,,,,21.4,0,,0,,4.1,kk
2001/9/4 2:00,,,,,21.3,0,,0,,4.8,kk
2001/9/4 3:00,10,10,6,,21.4,0,,0,,3.9,k
2001/9/4 4:00,,,,,20.9,0.5,,0,,5,kk
2001/9/4 5:00,,,,0,20.7,0,,0,,3.8,k
2001/9/4 6:00,10-,4,8,0.03,20.6,0,,0,0,4.9,kk
2001/9/4 7:00,,,,0.13,21,0,,0,0,4.3,k
2001/9/4 8:00,,,,0.28,21.7,0,,0,0,3.7,kk
2001/9/4 9:00,10-,4,12,0.97,22.9,0,,0,0,4.2,k
2001/9/4 10:00,,,,0.35,22.4,0,,0,0,3.8,k
2001/9/4 11:00,,,,1.47,23.1,0.5,,0,0.1,3.9,kk
2001/9/4 12:00,10-,4,10,1.65,25.1,0,,0,0.2,4.2,k
2001/9/4 13:00,,,,0.54,23.5,0,,0,0,8.2,kk
2001/9/4 14:00,,,,0.66,23.4,0,,0,0,4.9,kk
2001/9/4 15:00,10,10,10,0.4,22.8,0,,0,0,7.5,k
2001/9/4 16:00,,,,0.24,21.7,0.5,,0,0,5.9,k
2001/9/4 17:00,,,,0.24,22.3,0,,0,0,4.4,k
2001/9/4 18:00,10-,4,30,0.08,22.4,0,,0,0,3.3,k
2001/9/4 19:00,,,,0,22.4,0,,0,0,3.6,kk
2001/9/4 20:00,,,,,22.5,0,,0,,3.3,kk
2001/9/4 21:00,10-,4,15,,22.7,0,,0,,3.5,kk
2001/9/4 22:00,,,,,21.6,0.5,,0,,3.5,k
2001/9/4 23:00,,,,,21.9,0,,0,,4.1,kk
2001/9/5 0:00,,,,,21.4,0,,0,,5.1,kk
2002/9/4 1:00,,,,,28,0,,0,,4,쐼
2002/9/4 2:00,,,,,27.7,0,,0,,3.3,쐼
2002/9/4 3:00,0+,1,20,,27.7,0,,0,,3.4,쐼
2002/9/4 4:00,,,,,27.3,0,,0,,3.5,쐼
2002/9/4 5:00,,,,0,27.2,0,,0,,3.4,쐼
2002/9/4 6:00,6,2,20,0.07,27.2,0,,0,0,3,쐼
2002/9/4 7:00,,,,0.5,27.9,0,,0,0.6,2.9,쐼
2002/9/4 8:00,,,,1.14,28.5,0,,0,1,2.7,쐼
2002/9/4 9:00,7,2,15,1.8,29.5,0,,0,1,1.4,k
2002/9/4 10:00,,,,1.89,30.9,0,,0,0.7,1.2,쓌
2002/9/4 11:00,,,,2.06,31.6,0,,0,0.7,1.1,k
2002/9/4 12:00,8,2,10,1.31,31.7,0,,0,0.2,1.6,쓌
2002/9/4 13:00,,,,2.41,32.2,0,,0,0.9,2.5,쐼
2002/9/4 14:00,,,,2.36,32.2,0,,0,1,2.5,
2002/9/4 15:00,2,2,12,1.82,32.8,0,,0,1,3.7,
2002/9/4 16:00,,,,0.94,31.7,0,,0,0.5,2.7,쐼
2002/9/4 17:00,,,,0.5,30.6,0,,0,0.6,4,쐼
2002/9/4 18:00,2,2,15,0.08,30.1,0,,0,0,3,쐼
2002/9/4 19:00,,,,0,29.4,0,,0,0,2.6,
2002/9/4 20:00,,,,,28.9,0,,0,,3.7,
2002/9/4 21:00,8,2,15,,28.7,0,,0,,2,쐼
2002/9/4 22:00,,,,,28.2,0,,0,,1.2,
2002/9/4 23:00,,,,,28,0,,0,,1.2,쓌
2002/9/5 0:00,,,,,27.6,0,,0,,1.9,
2003/9/4 1:00,,,,,26.2,0,,0,,4.2,k
2003/9/4 2:00,,,,,26,0,,0,,2.5,k
2003/9/4 3:00,10,4,10,,25.9,0,,0,,3.6,k
2003/9/4 4:00,,,,,26.1,0,,0,,2.5,k
2003/9/4 5:00,,,,0,25.2,0,,0,,4.4,
2003/9/4 6:00,10,4,15,0.01,24.6,0,,0,0,5,k
2003/9/4 7:00,,,,0.12,23.6,0,,0,0,4.5,k
2003/9/4 8:00,,,,0.3,24,0,,0,0,4.5,
2003/9/4 9:00,10,10,12,0.43,23,0.5,,0,0,3.2,k
2003/9/4 10:00,,,,0.67,23.4,0,,0,0,4.4,
2003/9/4 11:00,,,,1.78,24.4,0,,0,0.2,5.3,k
2003/9/4 12:00,6,2,15,1.97,26.5,0,,0,0.3,3,
2003/9/4 13:00,,,,2.99,27.1,0,,0,1,4.3,
2003/9/4 14:00,,,,2.72,27.9,0,,0,1,3.5,
2003/9/4 15:00,8,2,15,1.71,28,0,,0,0.7,1.6,쓌
2003/9/4 16:00,,,,1.37,28.2,0,,0,1,1,
2003/9/4 17:00,,,,0.76,28.6,0,,0,0.9,3,
2003/9/4 18:00,7,2,20,0.16,28.2,0,,0,0.3,3.3,k
2003/9/4 19:00,,,,0,27.1,0,,0,0,3.4,k
2003/9/4 20:00,,,,,26.5,0,,0,,2.9,k
2003/9/4 21:00,7,2,30,,25.6,0,,0,,2.7,k
2003/9/4 22:00,,,,,25.5,0,,0,,2.7,쓌
2003/9/4 23:00,,,,,25.1,0,,0,,1.6,
2003/9/5 0:00,,,,,24.9,0,,0,,1.4,k
2004/9/4 1:00,,,,,24.4,1,,0,,2.8,k
2004/9/4 2:00,,,,,23.8,1,,0,,3.7,k
2004/9/4 3:00,10,4,6,,23.5,0,,0,,3.7,kk
2004/9/4 4:00,,,,,23.7,0,,0,,3.2,k
2004/9/4 5:00,,,,0,23.9,0,,0,,2,k
2004/9/4 6:00,10,10,7,0,24.2,0,,0,0,2,kk
2004/9/4 7:00,,,,0.04,23.2,0.5,,0,0,1.7,kk
2004/9/4 8:00,,,,0.29,24,0,,0,0,1.6,kk
2004/9/4 9:00,10,4,6,0.47,24.2,0,,0,0,4.9,k
2004/9/4 10:00,,,,0.42,24.2,0,,0,0,1.7,kk
2004/9/4 11:00,,,,0.66,24.5,0,,0,0,1.9,k
2004/9/4 12:00,10,4,4,0.62,25.3,0,,0,0,2.3,k
2004/9/4 13:00,,,,1.04,26.3,0,,0,0,2,k
2004/9/4 14:00,,,,1.2,26.9,0,,0,0,1.8,k
2004/9/4 15:00,10,4,5,0.58,26.4,0,,0,0,2.3,k
2004/9/4 16:00,,,,0.54,26.6,0,,0,0,3.2,
2004/9/4 17:00,,,,0.26,26.9,0,,0,0,2.2,
2004/9/4 18:00,10,10,4,0.01,26.4,0.5,,0,0,3.2,kk
2004/9/4 19:00,,,,0,24.3,40,,0,0,3.8,k
2004/9/4 20:00,,,,,22.6,4.5,,0,,4.8,kk
2004/9/4 21:00,10,15,4.5,,21.9,9.5,,0,,3.9,k
2004/9/4 22:00,,,,,21.8,12,,0,,3.8,
2004/9/4 23:00,,,,,21.6,4,,0,,4.1,
2004/9/5 0:00,,,,,21.2,5.5,,0,,4.2,
2005/9/4 1:00,,,,,26.7,0,,0,,1.6,쐼
2005/9/4 2:00,,,,,26.7,0,,0,,3,쐼
2005/9/4 3:00,1,1,10,,25.9,0,,0,,2.2,쐼
2005/9/4 4:00,,,,,25.3,0,,0,,1.2,
2005/9/4 5:00,,,,0,25.5,0,,0,,2,쐼
2005/9/4 6:00,10-,3,25,0.09,25.4,0,,0,0.2,1,k
2005/9/4 7:00,,,,0.38,25.8,0,,0,0.2,1.4,k
2005/9/4 8:00,,,,1.12,27.2,0,,0,0.9,2.2,kk
2005/9/4 9:00,10-,4,8,0.79,27.2,0,,0,0.1,1.2,k
2005/9/4 10:00,,,,1.2,28.2,0,,0,0,0.7,
2005/9/4 11:00,,,,1.79,29.3,0,,0,0.2,1.1,
2005/9/4 12:00,10-,4,8,1.95,29.9,0,,0,0.3,0.7,kk
2005/9/4 13:00,,,,0.91,29.1,0,,0,0.1,4.4,k
2005/9/4 14:00,,,,0.2,28.3,0,,0,0,3.2,kk
2005/9/4 15:00,10-,10,8,0.48,25.8,3,,0,0,5.7,k
2005/9/4 16:00,,,,1.34,27.3,0,,0,0.7,5,
2005/9/4 17:00,,,,0.35,28,0,,0,0.1,4,k
2005/9/4 18:00,10,4,8,0.02,28.1,0,,0,0,4,쓌
2005/9/4 19:00,,,,0,27,0,,0,0,6,
2005/9/4 20:00,,,,,26.1,0,,0,,6.7,
2005/9/4 21:00,10,4,5,,25.1,0,,0,,4.5,k
2005/9/4 22:00,,,,,25.1,0,,0,,7.2,
2005/9/4 23:00,,,,,24.1,1.5,,0,,3,k
2005/9/5 0:00,,,,,23.1,65.5,,0,,4.2,k
2006/9/4 1:00,,,,,24.2,0,0,0,,4.2,k
2006/9/4 2:00,,,,,23.9,0,0,0,,4,k
2006/9/4 3:00,10-,4,15,,23.9,0,0,0,,3.1,k
2006/9/4 4:00,,,,,23.7,0,0,0,,4.3,kk
2006/9/4 5:00,,,,0,23.5,0,0,0,,2.6,kk
2006/9/4 6:00,2,2,15,0.1,23.4,0,0,0,0.4,3.5,k
2006/9/4 7:00,,,,0.63,24.2,0,0,0,1,4.2,k
2006/9/4 8:00,,,,1.3,25.6,0,0,0,0.9,3.1,kk
2006/9/4 9:00,6,2,20,1.99,26.4,0,0,0,0.9,4.2,k
2006/9/4 10:00,,,,2.29,27.6,0,0,0,0.8,5.1,k
2006/9/4 11:00,,,,2.37,28.4,0,0,0,0.8,3.3,k
2006/9/4 12:00,8,2,20,3.12,29.5,0,0,0,1,3.1,k
2006/9/4 13:00,,,,2.06,29.4,0,0,0,0.3,2.9,kk
2006/9/4 14:00,,,,1.97,30.3,0,0,0,0.4,3.3,
2006/9/4 15:00,10-,4,15,1.32,29.7,0,0,0,0.1,3.1,
2006/9/4 16:00,,,,0.59,28.7,0,0,0,0,3.3,쓌
2006/9/4 17:00,,,,0.41,28.3,0,0,0,0,3,쓌
2006/9/4 18:00,10-,4,13,0.12,28,0,0,0,0,5.3,k
2006/9/4 19:00,,,,0.01,27.3,0,0,0,0,5.7,쓌
2006/9/4 20:00,,,,,26,0,0,0,,2.5,쓌
2006/9/4 21:00,10,4,13,,26.3,0,0,0,,2.1,k
2006/9/4 22:00,,,,,25.9,0,0,0,,2,
2006/9/4 23:00,,,,,26.1,0,0,0,,2.6,k
2006/9/5 0:00,,,,,25.4,0,0,0,,2.8,k
2007/9/4 1:00,,,,,24.7,0,0,0,,1.7,kk
2007/9/4 2:00,,,,,25,0,0,0,,1.7,k
2007/9/4 3:00,8,2,20,,24.6,0,0,0,,2.6,k
2007/9/4 4:00,,,,,23.9,0,0,0,,4.4,k
2007/9/4 5:00,,,,0,23.6,0,0,0,,3.3,kk
2007/9/4 6:00,7,2,15,0.07,23.8,0,0,0,0,2.3,kk
2007/9/4 7:00,,,,0.57,24.9,0,0,0,0.9,3.1,kk
2007/9/4 8:00,,,,1.23,26.2,0,0,0,1,3.6,k
2007/9/4 9:00,3,2,10,1.94,27.5,0,0,0,1,4.1,kk
2007/9/4 10:00,,,,2.33,28.3,0,0,0,0.9,4.7,kk
2007/9/4 11:00,,,,2.84,31,0,0,0,0.9,4.3,k
2007/9/4 12:00,10-,4,20,2.55,30.9,0,0,0,0.5,5.3,k
2007/9/4 13:00,,,,1.89,31.1,0,0,0,0.3,4.6,k
2007/9/4 14:00,,,,1.13,30.9,0,0,0,0.1,4,k
2007/9/4 15:00,10-,4,20,1.1,30.8,0,0,0,0.3,4.9,k
2007/9/4 16:00,,,,0.35,30.2,0,0,0,0,4.5,k
2007/9/4 17:00,,,,0.09,28.4,2,0,0,0,4.9,k
2007/9/4 18:00,9,4,10,0.07,28.1,0,0,0,0,5.1,k
2007/9/4 19:00,,,,0,27.2,0,0,0,0,5.4,k
2007/9/4 20:00,,,,,27,0,0,0,,3.1,k
2007/9/4 21:00,10-,4,10,,26.8,0,0,0,,3.9,
2007/9/4 22:00,,,,,25.9,4,0,0,,3.7,k
2007/9/4 23:00,,,,,26.1,0,0,0,,2,k
2007/9/5 0:00,,,,,26.1,0,0,0,,2.7,kk
2008/9/4 1:00,,,,0,26.9,0,,,0,0.6,쓌
2008/9/4 2:00,,,,0,26.5,0,,,0,0.8,쐼
2008/9/4 3:00,4,2,15,0,26.8,0,,,0,1.6,쓌
2008/9/4 4:00,,,,0,27.1,0,,,0,1.6,kk
2008/9/4 5:00,,,,0,26.8,0,,,0,1.9,kk
2008/9/4 6:00,9,4,10,0.06,26.8,0,,,0,1.8,kk
2008/9/4 7:00,,,,0.3,26.7,0,,,0,1.5,kk
2008/9/4 8:00,,,,0.64,27.5,0,,,0.2,2.4,kk
2008/9/4 9:00,10-,4,10,0.92,27.9,0,,,0,2.6,k
2008/9/4 10:00,,,,0.89,28.4,0,,,0,1.7,k
2008/9/4 11:00,,,,0.68,29.1,0,,,0,3.4,
2008/9/4 12:00,10-,4,10,1.31,29,0,,,0.1,4.7,쓌
2008/9/4 13:00,,,,1.98,30,0,,,0.4,3.7,쓌
2008/9/4 14:00,,,,1.72,29.1,0,,,0.4,3.9,쓌
2008/9/4 15:00,9,4,6,0.98,30,0,,,0.2,3.4,쓌
2008/9/4 16:00,,,,0.55,29.4,0,,,0,3.6,쓌
2008/9/4 17:00,,,,0.36,29.3,0,,,0,3.1,
2008/9/4 18:00,10-,4,5,0.03,27.4,0,,,0,3.3,k
2008/9/4 19:00,,,,0,26.3,0,,,0,3.2,
2008/9/4 20:00,,,,0,25.8,0,,,0,3.4,k
2008/9/4 21:00,10-,4,6,0,25.3,0,,,0,2.7,k
2008/9/4 22:00,,,,0,25,0,,,0,2.5,
2008/9/4 23:00,,,,0,24.6,0,,,0,2.3,쓌
2008/9/5 0:00,,,,0,24.7,0,,,0,2.6,쓌
2009/9/4 1:00,,,,0,21.2,0,,,0,2.2,kk
2009/9/4 2:00,,,,0,20.8,0,,,0,1.5,k
2009/9/4 3:00,9,4,20,0,20.7,0,,,0,2.1,kk
2009/9/4 4:00,,,,0,20.9,0,,,0,2.2,k
2009/9/4 5:00,,,,0,20.9,0,,,0,2.4,kk
2009/9/4 6:00,10,4,15,0.02,20.9,0,,,0,1,k
2009/9/4 7:00,,,,0.31,21.4,0,,,0,1.8,k
2009/9/4 8:00,,,,1.15,22.2,0,,,0.3,2.1,k
2009/9/4 9:00,10-,3,20,1.45,22.7,0,,,0.4,2.1,kk
2009/9/4 10:00,,,,1.94,23.9,0,,,0.9,2.3,kk
2009/9/4 11:00,,,,2.16,25.4,0,,,0.6,1.2,k
2009/9/4 12:00,10-,4,20,1.03,24.5,0,,,0,2,kk
2009/9/4 13:00,,,,1.98,25.6,0,,,0.2,2.3,k
2009/9/4 14:00,,,,1.12,25.4,0,,,0,2.3,kk
2009/9/4 15:00,10-,4,15,0.92,25.3,0,,,0,2.2,k
2009/9/4 16:00,,,,0.69,25.4,0,,,0,3,k
2009/9/4 17:00,,,,0.29,25.3,0,,,0,2.4,k
2009/9/4 18:00,10-,4,20,0.04,24.7,0,,,0,2.2,k
2009/9/4 19:00,,,,0,24.3,0,,,0,2.3,kk
2009/9/4 20:00,,,,0,24.1,0,,,0,1.4,k
2009/9/4 21:00,10,10,10,0,23.1,0,,,0,2.1,kk
2009/9/4 22:00,,,,0,22.9,0,,,0,1.8,
2009/9/4 23:00,,,,0,22.7,0,,,0,2.7,kk
2009/9/5 0:00,,,,0,22.3,0,,,0,1.6,kk
2010/9/4 1:00,,,,0,30.5,0,,,0,2.9,k
2010/9/4 2:00,,,,0,30.8,0,,,0,2.5,kk
2010/9/4 3:00,0+,1,20,0,30.4,0,,,0,2.6,kk
2010/9/4 4:00,,,,0,30,0,,,0,3,kk
2010/9/4 5:00,,,,0,29,0,,,0,2.1,k
2010/9/4 6:00,5,2,25,0.08,28.8,0,,,0.2,1.8,k
2010/9/4 7:00,,,,0.6,30,0,,,1,2.1,kk
2010/9/4 8:00,,,,1.33,31.2,0,,,1,2.8,kk
2010/9/4 9:00,3,2,30,2,32.6,0,,,1,2.7,kk
2010/9/4 10:00,,,,2.48,32.8,0,,,1,2.5,쓌
2010/9/4 11:00,,,,2.81,33.4,0,,,1,2.2,k
2010/9/4 12:00,4,2,25,2.96,34.9,0,,,1,2.8,쓌
2010/9/4 13:00,,,,2.88,35,0,,,1,4.4,쓌
2010/9/4 14:00,,,,2.52,34.2,0,,,1,3.2,쓌
2010/9/4 15:00,2,2,20,2.08,33.2,0,,,1,4.7,쓌
2010/9/4 16:00,,,,1.39,32.1,0,,,0.9,5.6,쓌
2010/9/4 17:00,,,,0.75,31.9,0,,,1,4.2,쓌
2010/9/4 18:00,1,1,20,0.18,31.3,0,,,0.5,5.6,쓌
2010/9/4 19:00,,,,0,30.1,0,,,0,5.5,쓌
2010/9/4 20:00,,,,0,29.8,0,,,0,3.2,쓌
2010/9/4 21:00,0+,1,20,0,29.5,0,,,0,2.5,쓌
2010/9/4 22:00,,,,0,29.3,0,,,0,2.4,쓌
2010/9/4 23:00,,,,0,28.7,0,,,0,2.6,쓌
2010/9/5 0:00,,,,0,28.7,0,,,0,1.8,쓌
2011/9/4 1:00,,,,0,26.4,0,,,0,5.6,쓌
2011/9/4 2:00,,,,0,26.4,0,,,0,4.5,쓌
2011/9/4 3:00,10-,3,10,0,26.5,0,,,0,5.4,쓌
2011/9/4 4:00,,,,0,26.4,0,,,0,4.7,쓌
2011/9/4 5:00,,,,0.01,26.2,0,,,0,3.3,쓌
2011/9/4 6:00,10-,3,20,0.15,26.4,0,,,0.1,4.4,쓌
2011/9/4 7:00,,,,0.4,26.5,0,,,0.3,5,쓌
2011/9/4 8:00,,,,0.54,26.9,0,,,0,5.7,쓌
2011/9/4 9:00,10-,4,10,1.03,27.4,0.5,,,0,4.9,쓌
2011/9/4 10:00,,,,1.37,27.5,0,,,0.2,4.9,쓌
2011/9/4 11:00,,,,2.46,29.1,0,,,0.7,7,쓌
2011/9/4 12:00,10-,4,20,2.34,29.1,0,,,0.7,7.7,쓌
2011/9/4 13:00,,,,1.91,29,0,,,0.3,7.1,쓌
2011/9/4 14:00,,,,1.74,28.6,0,,,0.5,5,쓌
2011/9/4 15:00,9,4,20,0.88,28.5,0,,,0.1,3.8,쓌
2011/9/4 16:00,,,,0.79,28.5,0,,,0.1,4.7,쓌
2011/9/4 17:00,,,,0.38,28,0,,,0,5.4,쓌
2011/9/4 18:00,10-,10,20,0.1,26.1,1.5,,,0,4,쓌
2011/9/4 19:00,,,,0.01,26.4,0,,,0,4.6,쓌
2011/9/4 20:00,,,,0,26.9,0,,,0,4,쓌
2011/9/4 21:00,10-,10,15,0,26.6,0,,,0,3.5,쓌
2011/9/4 22:00,,,,0,26.6,0,,,0,4.7,쓌
2011/9/4 23:00,,,,0,26.2,0,,,0,3.9,쓌
2011/9/5 0:00,,,,0,26.1,0,,,0,2.3,쓌
2012/9/4 1:00,,,,0,24.5,3.5,,,0,1.5,
2012/9/4 2:00,,,,0,24.4,1,,,0,3.2,쓌
2012/9/4 3:00,10-,4,20,0,24.6,0,,,0,1.4,쓌
2012/9/4 4:00,,,,0,24.7,0,,,0,1,
2012/9/4 5:00,,,,0,24.4,0,,,0,2.1,k
2012/9/4 6:00,10-,4,10,0.03,24.8,0,,,0,2.3,k
2012/9/4 7:00,,,,0.35,25.5,0,,,0,1.6,k
2012/9/4 8:00,,,,0.79,26.1,0,,,0.1,1.8,k
2012/9/4 9:00,10-,4,15,0.98,26.9,0,,,0,0.5,k
2012/9/4 10:00,,,,1.32,28,0,,,0.1,0.9,
2012/9/4 11:00,,,,2.57,29,0,,,0.6,1,k
2012/9/4 12:00,7,2,20,2.82,30.3,0,,,0.8,1.8,쓌
2012/9/4 13:00,,,,2.6,30.7,0,,,0.7,4.1,쓌
2012/9/4 14:00,,,,2.48,30.4,0,,,0.8,3.7,쓌
2012/9/4 15:00,8,2,20,1.66,30.8,0,,,0.7,4.3,
2012/9/4 16:00,,,,1.02,29.7,0,,,0.3,3.7,쐼
2012/9/4 17:00,,,,0.26,29.5,0,,,0,2.9,
2012/9/4 18:00,7,2,30,0.2,29.1,0,,,0.5,2.5,쓌
2012/9/4 19:00,,,,0,28.9,0,,,0,1.3,쐼
2012/9/4 20:00,,,,0,28.4,0,,,0,2.8,k
2012/9/4 21:00,10-,4,20,0,27.2,0,,,0,1.7,kk
2012/9/4 22:00,,,,0,26.1,0,,,0,1.3,kk
2012/9/4 23:00,,,,0,25.7,0,,,0,3.3,kk
2012/9/5 0:00,,,,0,25.3,0,,,0,2.2,k
2013/9/4 1:00,,,,0,27.3,0,,,0,1.8,쓌
2013/9/4 2:00,,,,0,27.4,0,,,0,3.2,쓌
2013/9/4 3:00,10,10,6,0,25,4,,,0,0.9,
2013/9/4 4:00,,,,0,25.4,4.5,,,0,0.8,쓌
2013/9/4 5:00,,,,0,25.2,0.5,,,0,3.2,쓌
2013/9/4 6:00,10,10,5,0,25,3,,,0,1.9,쓌
2013/9/4 7:00,,,,0.07,25.5,0.5,,,0,1.7,쓌
2013/9/4 8:00,,,,0.31,26.3,0,,,0,2.3,쓌
2013/9/4 9:00,10-,4,15,0.96,27,0,,,0.1,3.5,쓌
2013/9/4 10:00,,,,2.07,28.4,0,,,0.5,4.7,쓌
2013/9/4 11:00,,,,0.74,27.3,0.5,,,0.1,5.6,쓌
2013/9/4 12:00,10-,4,20,1.94,29.1,0.5,,,0.3,5.6,쓌
2013/9/4 13:00,,,,1.61,29.8,0,,,0.3,7.1,쓌
2013/9/4 14:00,,,,1.47,30.2,0,,,0.3,8.4,쓌
2013/9/4 15:00,10-,4,20,1.44,30.2,0,,,0.5,9.7,
2013/9/4 16:00,,,,1.24,30.1,0,,,0.6,7,쓌
2013/9/4 17:00,,,,0.53,29.9,0,,,0.3,4.8,쓌
2013/9/4 18:00,10-,4,20,0.13,28.7,0,,,0.1,5.3,
2013/9/4 19:00,,,,0,28.8,0,,,0,6.3,
2013/9/4 20:00,,,,0,28.7,0,,,0,4.7,
2013/9/4 21:00,10-,4,20,0,28.6,0,,,0,6.3,쓌
2013/9/4 22:00,,,,0,28.5,0,,,0,5.2,
2013/9/4 23:00,,,,0,28.1,0.5,,,0,5.1,
2013/9/5 0:00,,,,0,28.3,0,,,0,4.3,
2014/9/4 1:00,,,,0,22.9,0,,,0,2.3,쓌
2014/9/4 2:00,,,,0,22.6,0,,,0,1.8,쓌
2014/9/4 3:00,2,2,20,0,22.6,0,,,0,1.7,쓌
2014/9/4 4:00,,,,0,22.3,0,,,0,0.9,쓌
2014/9/4 5:00,,,,0,22.1,0,,,0,0.9,
2014/9/4 6:00,10-,3,20,0.11,22.3,0,,,0.2,1.8,k
2014/9/4 7:00,,,,0.55,22.9,0,,,0.8,1.7,쓌
2014/9/4 8:00,,,,1,24.8,0,,,0.3,1.9,쓌
2014/9/4 9:00,9,4,20,2.18,26,0,,,1,3.8,쓌
2014/9/4 10:00,,,,2.06,26.1,0,,,0.6,2.7,
2014/9/4 11:00,,,,0.34,25.8,0,,,0,1.9,쓌
2014/9/4 12:00,10,4,20,0.44,26.5,0,,,0,2.6,
2014/9/4 13:00,,,,1.02,27.3,0,,,0,1.6,
2014/9/4 14:00,,,,0.84,27.2,0,,,0,3.9,쓌
2014/9/4 15:00,10,4,20,0.39,27,0,,,0,2.7,쓌
2014/9/4 16:00,,,,0.22,27.4,0,,,0,3.1,쐼
2014/9/4 17:00,,,,0.12,27,0,,,0,3.5,쐼
2014/9/4 18:00,10-,4,20,0.04,26.7,0,,,0,3.8,
2014/9/4 19:00,,,,0,26.3,0,,,0,2,
2014/9/4 20:00,,,,0,26.2,0,,,0,3.6,
2014/9/4 21:00,10-,4,25,0,26.2,0,,,0,4.6,
2014/9/4 22:00,,,,0,25.8,0,,,0,2.6,
2014/9/4 23:00,,,,0,25.8,0,,,0,3.9,쓌
2014/9/5 0:00,,,,0,25.8,0,,,0,2.1,쓌
2015/9/4 1:00,,,,0,23.5,2,,,0,2.6,
2015/9/4 2:00,,,,0,22.9,2.5,,,0,4.7,쐼
2015/9/4 3:00,10-,10,10,0,22.4,1.5,,,0,2.8,
2015/9/4 4:00,,,,0,22.6,0,,,0,2.9,
2015/9/4 5:00,,,,0,22.4,0,,,0,0.9,
2015/9/4 6:00,10-,4,15,0.02,22.7,0,,,0,1.7,
2015/9/4 7:00,,,,0.15,23.4,0,,,0,1.4,쐼
2015/9/4 8:00,,,,0.38,23.8,0,,,0,3,k
2015/9/4 9:00,10-,4,15,1.12,24.6,0,,,0.2,2.1,k
2015/9/4 10:00,,,,1.76,27.1,0,,,0.5,1,k
2015/9/4 11:00,,,,2.83,27.9,0,,,0.9,1.7,k
2015/9/4 12:00,10-,4,15,2.45,29.9,0,,,0.8,1.7,
2015/9/4 13:00,,,,2.08,29.9,0,,,0.6,3.4,쓌
2015/9/4 14:00,,,,2.31,28.6,0,,,0.8,4.8,쓌
2015/9/4 15:00,9,10,4,0.77,24.2,8,,,0.2,3.8,
2015/9/4 16:00,,,,1.45,26.3,0,,,0.8,0.6,
2015/9/4 17:00,,,,0.81,25,0,,,1,3.1,
2015/9/4 18:00,5,2,15,0.19,24.2,0,,,0.5,2.7,쐼
2015/9/4 19:00,,,,0,23.7,0,,,0,2.5,
2015/9/4 20:00,,,,0,23.4,0,,,0,2.1,쐼
2015/9/4 21:00,0,1,15,0,23.2,0,,,0,1.8,
2015/9/4 22:00,,,,0,23.9,0,,,0,2.2,k
2015/9/4 23:00,,,,0,24.2,0,,,0,2.9,k
2015/9/5 0:00,,,,0,24,0,,,0,3.1,k
2016/9/4 1:00,,,,0,24.6,0.5,,,0,2.4,k
2016/9/4 2:00,,,,0,24.5,0.5,,,0,1.7,kk
2016/9/4 3:00,10,10,10,0,24.4,0,,,0,1.8,k
2016/9/4 4:00,,,,0,24.3,0,,,0,3.2,k
2016/9/4 5:00,,,,0,24.3,0,,,0,1.5,kk
2016/9/4 6:00,10-,4,10,0,24.1,0,,,0,1.6,kk
2016/9/4 7:00,,,,0.09,24.3,1.5,,,0,1.2,k
2016/9/4 8:00,,,,0.21,24.3,0.5,,,0,1.9,kk
2016/9/4 9:00,10,4,10,0.42,24.8,0,,,0,1.9,k
2016/9/4 10:00,,,,0.87,26,0,,,0,2.2,k
2016/9/4 11:00,,,,2.09,27.8,0,,,0.4,2.3,k
2016/9/4 12:00,8,2,10,2.38,28.9,0,,,0.6,2.1,
2016/9/4 13:00,,,,1.84,30.3,0,,,0.3,0.8,
2016/9/4 14:00,,,,2.69,30.5,0,,,0.9,2.5,쓌
2016/9/4 15:00,6,2,15,2.24,29.9,0,,,0.9,3.8,
2016/9/4 16:00,,,,1.28,29.6,0,,,0.7,2.9,쓌
2016/9/4 17:00,,,,0.61,28.2,0,,,0.6,2.5,쓌
2016/9/4 18:00,2,2,20,0.12,27.7,0,,,0.1,3.6,쓌
2016/9/4 19:00,,,,0,27.5,0,,,0,2.6,
2016/9/4 20:00,,,,0,27.3,0,,,0,3,쐼
2016/9/4 21:00,3,2,20,0,26.9,0,,,0,2.9,쐼
2016/9/4 22:00,,,,0,26.6,0,,,0,2.8,
2016/9/4 23:00,,,,0,26.4,0,,,0,2.6,
2016/9/5 0:00,,,,0,26.6,0,,,0,2.8,
2017/9/4 1:00,,,,0,21.6,0,,,0,2.1,k
2017/9/4 2:00,,,,0,22.2,0,,,0,2.8,k
2017/9/4 3:00,10-,4,20,0,21.3,0,,,0,2.3,k
2017/9/4 4:00,,,,0,21.3,0,,,0,3.2,k
2017/9/4 5:00,,,,0,21.1,0,,,0,1.9,kk
2017/9/4 6:00,10-,3,10,0.06,20.7,0,,,0,2.6,k
2017/9/4 7:00,,,,0.22,21.2,0,,,0,2.4,kk
2017/9/4 8:00,,,,0.22,21.2,0,,,0,1.4,kk
2017/9/4 9:00,10,10,4,0.14,19.7,5.5,,,0,2.1,kk
2017/9/4 10:00,,,,0.4,19.5,0.5,,,0,3,kk
2017/9/4 11:00,,,,0.21,19.4,0.5,,,0,2.5,k
2017/9/4 12:00,10,4,10,0.37,19.1,0,,,0,1.5,k
2017/9/4 13:00,,,,0.42,19.4,0,,,0,2,kk
2017/9/4 14:00,,,,0.77,20.5,0,,,0,1.5,kk
2017/9/4 15:00,10,4,20,0.43,20.6,0,,,0,1.9,k
2017/9/4 16:00,,,,0.47,21.1,0,,,0,2.2,kk
2017/9/4 17:00,,,,0.28,20.9,0,,,0,2.1,k
2017/9/4 18:00,10,4,20,0.07,21,0,,,0,2.5,k
2017/9/4 19:00,,,,0,21.8,0,,,0,1.8,kk
2017/9/4 20:00,,,,0,20.5,0.5,,,0,2.2,k
2017/9/4 21:00,10,10,10,0,20.9,0,,,0,1.9,kk
2017/9/4 22:00,,,,0,20.6,0,,,0,1.9,k
2017/9/4 23:00,,,,0,20.3,0,,,0,1.2,kk
2017/9/5 0:00,,,,0,19.5,1,,,0,2.6,kk
2018/9/4 1:00,,,,0,23.2,0,,,0,1.3,
2018/9/4 2:00,,,,0,23,0,,,0,1.8,쐼
2018/9/4 3:00,10-,4,15,0,23.2,0,,,0,1.1,쓌
2018/9/4 4:00,,,,0,23.6,0,,,0,1.2,
2018/9/4 5:00,,,,0,23.8,0,,,0,1.1,쓌
2018/9/4 6:00,10-,10,7,0.01,24,1,,,0,0.7,
2018/9/4 7:00,,,,0.21,24.7,0,,,0,2.1,쓌
2018/9/4 8:00,,,,0.21,25,4,,,0,2.7,쓌
2018/9/4 9:00,10,10,1.5,0.25,25.4,6,,,0,2.7,
2018/9/4 10:00,,,,0.23,26.5,3.5,,,0,4,
2018/9/4 11:00,,,,0.85,27.2,0,,,0,5.8,
2018/9/4 12:00,10-,4,10,0.78,27.9,0,,,0,7.8,쓌
2018/9/4 13:00,,,,0.94,28.2,0,,,0,8.7,쓌
2018/9/4 14:00,,,,0.42,28.3,0,,,0,8.6,쓌
2018/9/4 15:00,10,4,15,0.36,27.8,0,,,0,7.9,쓌
2018/9/4 16:00,,,,0.37,28.5,0,,,0,7.4,
2018/9/4 17:00,,,,0.22,28.4,0,,,0,10.1,
2018/9/4 18:00,10,10,10,0.04,28.2,0,,,0,9.7,쓌
2018/9/4 19:00,,,,0,28.5,0,,,0,10.2,
2018/9/4 20:00,,,,0,28.5,0,,,0,9,
2018/9/4 21:00,10,4,10,0,28.2,0,,,0,10.2,
2018/9/4 22:00,,,,0,28,0,,,0,8.9,
2018/9/4 23:00,,,,0,27.8,0,,,0,7.4,
2018/9/5 0:00,,,,0,27.8,0,,,0,7.5,
2019/9/4 1:00,,,,0,22.8,0,,,0,3,k
2019/9/4 2:00,,,,0,23,0,,,0,2.6,k
2019/9/4 3:00,10,4,10,0,22.7,0,,,0,1.4,kk
2019/9/4 4:00,,,,0,22.7,0,,,0,3,k
2019/9/4 5:00,,,,0,22.7,0,,,0,1.3,kk
2019/9/4 6:00,10-,4,15,0.03,22.8,0,,,0,2.3,k
2019/9/4 7:00,,,,0.32,23.2,0,,,0,1.6,kk
2019/9/4 8:00,,,,0.45,23.2,0,,,0,2.1,kk
2019/9/4 9:00,10,4,15,0.33,23.2,0,,,0,2.7,k
2019/9/4 10:00,,,,0.53,23.9,0,,,0,2.1,kk
2019/9/4 11:00,,,,0.71,23.7,0,,,0,2.9,k
2019/9/4 12:00,10,4,15,0.96,24.3,0,,,0,2.8,k
2019/9/4 13:00,,,,1.1,25.5,0,,,0,3,kk
2019/9/4 14:00,,,,1.38,25.6,0,,,0.1,3,k
2019/9/4 15:00,10,4,15,0.4,24.8,0,,,0,2.1,k
2019/9/4 16:00,,,,0.12,24.5,0,,,0,3.9,k
2019/9/4 17:00,,,,0.11,24.1,0,,,0,2.4,kk
2019/9/4 18:00,10,4,15,0.04,24.1,0,,,0,2.5,k
2019/9/4 19:00,,,,0,24,0,,,0,3.4,k
2019/9/4 20:00,,,,0,23.8,0,,,0,1.8,kk
2019/9/4 21:00,10-,4,15,0,23.8,0,,,0,2.6,k
2019/9/4 22:00,,,,0,23.7,0,,,0,1.9,kk
2019/9/4 23:00,,,,0,23.7,0,,,0,1.7,
2019/9/5 0:00,,,,0,23.9,0,,,0,1.8,k
2020/9/4 1:00,,,,0,26.8,0,,,0,1.7,쐼
2020/9/4 2:00,,,,0,26.9,0,,,0,2.7,쐼
2020/9/4 3:00,10-,3,15,0,27.2,0,,,0,2.9,쐼
2020/9/4 4:00,,,,0,26.3,0,,,0,0.9,쐼
2020/9/4 5:00,,,,0,25.5,0,,,0,1.2,쓌
2020/9/4 6:00,7,2,20,0.17,26.3,0,,,0.3,1.6,
2020/9/4 7:00,,,,0.89,28.4,0,,,1,2.1,
2020/9/4 8:00,,,,1.66,30.3,0,,,1,2.7,쐼
2020/9/4 9:00,7,2,35,2.1,31.6,0,,,1,2.8,쐼
2020/9/4 10:00,,,,2.59,32.7,0,,,0.9,3.3,쐼
2020/9/4 11:00,,,,2.6,33.2,0,,,0.9,2.6,
2020/9/4 12:00,4,2,30,3.09,34,0,,,1,3.8,쐼
2020/9/4 13:00,,,,2.86,35,0,,,0.9,3.4,
2020/9/4 14:00,,,,2.66,34.5,0,,,1,4.3,쓌
2020/9/4 15:00,3,2,30,2.2,33.5,0,,,1,5.1,쓌
2020/9/4 16:00,,,,1.57,32.8,0,,,1,3.4,쓌
2020/9/4 17:00,,,,0.66,31.2,0,,,0.7,3.7,쓌
2020/9/4 18:00,4,2,20,0.04,30.5,0,,,0,3.7,쓌
2020/9/4 19:00,,,,0,26.6,0,,,0,6.1,kk
2020/9/4 20:00,,,,0,25.3,0,,,0,2.9,k
2020/9/4 21:00,10-,4,20,0,25.5,0,,,0,2.6,k
2020/9/4 22:00,,,,0,26,0,,,0,2.2,k
2020/9/4 23:00,,,,0,25.9,0,,,0,3.2,k
2020/9/5 0:00,,,,0,26.2,0,,,0,1.5,kk
2021/9/4 1:00,,,,0,19.7,0,,,0,1.7,kk
2021/9/4 2:00,,,,0,19.5,0,,,0,1.8,k
2021/9/4 3:00,10,4,15,0,19.5,0,,,0,1.6,k
2021/9/4 4:00,,,,0,19.7,0,,,0,1.9,k
2021/9/4 5:00,,,,0,19.9,0,,,0,1.3,k
2021/9/4 6:00,10,4,10,0.04,20,0,,,0,1.6,k
2021/9/4 7:00,,,,0.09,20.2,0,,,0,1.7,kk
2021/9/4 8:00,,,,0.22,20.5,0,,,0,1.1,k
2021/9/4 9:00,10,10,3,0.2,20.7,0.5,,,0,1.8,kk
2021/9/4 10:00,,,,0.3,20.8,0,,,0,1.4,kk
2021/9/4 11:00,,,,0.45,21.6,0.5,,,0,0.8,kk
2021/9/4 12:00,10,4,10,0.6,22.3,0,,,0,2,k
2021/9/4 13:00,,,,0.38,22.3,0,,,0,1.4,k
2021/9/4 14:00,,,,0.16,22.6,0,,,0,3,kk
2021/9/4 15:00,10,10,10,0.18,22.7,0,,,0,3,k
2021/9/4 16:00,,,,0.14,22,0,,,0,3.1,k
2021/9/4 17:00,,,,0.07,21.6,0,,,0,3.4,k
2021/9/4 18:00,10,4,15,0.01,21.2,0,,,0,3.7,kk
2021/9/4 19:00,,,,0,20.7,0.5,,,0,3.4,k
2021/9/4 20:00,,,,0,20,1,,,0,3.2,kk
2021/9/4 21:00,10,10,5,0,19.6,3,,,0,2.8,kk
2021/9/4 22:00,,,,0,19.2,7.5,,,0,1.6,kk
2021/9/4 23:00,,,,0,19.3,0.5,,,0,2,kk
2021/9/5 0:00,,,,0,19.2,0.5,,,0,2.1,kk
2022/9/4 1:00,,,,0,23.6,0,,,0,2.2,k
2022/9/4 2:00,,,,0,23.4,0,,,0,1.5,
2022/9/4 3:00,10,4,15,0,23.4,0,,,0,1.3,k
2022/9/4 4:00,,,,0,23.4,0,,,0,1.5,
2022/9/4 5:00,,,,0,23.3,0,,,0,1.9,k
2022/9/4 6:00,10,4,10,0.03,23.2,0,,,0,2.1,k
2022/9/4 7:00,,,,0.24,23.6,0,,,0,1.9,k
2022/9/4 8:00,,,,0.62,24.3,0,,,0,1.7,kk
2022/9/4 9:00,7,2,15,1.74,27.2,0,,,0.7,1.7,k
2022/9/4 10:00,,,,2.25,28.3,0,,,0.8,1.4,
2022/9/4 11:00,,,,2.22,28.4,0,,,0.6,1.9,kk
2022/9/4 12:00,9,4,15,1.35,28.1,0,,,0.2,1.8,kk
2022/9/4 13:00,,,,1.28,29.2,0,,,0.1,1.5,k
2022/9/4 14:00,,,,2.34,31,0,,,0.7,1.4,k
2022/9/4 15:00,4,2,20,2.18,30.9,0,,,0.9,1.4,쓌
2022/9/4 16:00,,,,1.26,29.2,0,,,0.6,3.5,
2022/9/4 17:00,,,,0.24,28.1,0,,,0,3.8,k
2022/9/4 18:00,10-,4,20,0.04,27.5,0,,,0,3.7,쓌
2022/9/4 19:00,,,,0,27.1,0,,,0,2.2,쓌
2022/9/4 20:00,,,,0,25.3,0,,,0,2.4,
2022/9/4 21:00,7,2,20,0,24.9,0,,,0,2.6,
2022/9/4 22:00,,,,0,24.7,0,,,0,2.3,
2022/9/4 23:00,,,,0,24.5,0,,,0,2.2,
2022/9/5 0:00,,,,0,24.7,0,,,0,1.7,k
2023/9/4 1:00,,,,0,25.7,2.5,,,0,2.5,k
2023/9/4 2:00,,,,0,25.4,9,,,0,3.2,kk
2023/9/4 3:00,10,10,15,0,25.3,0,,,0,3.5,kk
2023/9/4 4:00,,,,0,25,5.5,,,0,3.6,k
2023/9/4 5:00,,,,0,24.8,5.5,,,0,2.3,k
2023/9/4 6:00,10,10,2,0.01,24.7,1,,,0,2.1,k
2023/9/4 7:00,,,,0.05,24.8,3.5,,,0,2.2,k
2023/9/4 8:00,,,,0.29,25.1,4.5,,,0,1.9,k
2023/9/4 9:00,10,10,8,0.41,25.2,1,,,0,1.9,kk
2023/9/4 10:00,,,,0.95,26.3,0,,,0,2.8,kk
2023/9/4 11:00,,,,1.15,26.4,0,,,0,3.2,k
2023/9/4 12:00,10-,4,25,0.76,27.2,0,,,0,3.6,k
2023/9/4 13:00,,,,0.84,28.3,0,,,0,3.6,k
2023/9/4 14:00,,,,1.62,28.6,0,,,0.3,2,k
2023/9/4 15:00,10,10,3,0.31,27.4,0.5,,,0,2.9,쓌
2023/9/4 16:00,,,,0.52,27.3,1,,,0,1.3,
2023/9/4 17:00,,,,0.44,27,0,,,0,2.1,쓌
2023/9/4 18:00,10-,3,20,0.13,26.1,0,,,0,3.2,쓌
2023/9/4 19:00,,,,0,25.7,0,,,0,2.1,
2023/9/4 20:00,,,,0,26.2,0,,,0,2.1,쓌
2023/9/4 21:00,10,10,15,0,26.7,0,,,0,2.4,쓌
2023/9/4 22:00,,,,0,26.2,0,,,0,2.1,쓌
2023/9/4 23:00,,,,0,25.7,0,,,0,2.3,쓌
2023/9/5 0:00,,,,0,26.1,0,,,0,2.8,
2024/9/4 1:00,,,,0,23.9,0,,,0,2.7,kk
2024/9/4 2:00,,,,0,23.7,0,,,0,3.1,kk
2024/9/4 3:00,10-,4,20,0,23.4,0,,,0,3.3,kk
2024/9/4 4:00,,,,0,23,0,,,0,1.7,k
2024/9/4 5:00,,,,0,23.2,0,,,0,1.7,kk
2024/9/4 6:00,10-,4,20,0.03,23.3,0,,,0,2.4,kk
2024/9/4 7:00,,,,0.5,23.9,0,,,0.4,2.3,kk
2024/9/4 8:00,,,,0.92,24.8,0,,,0.5,1.8,kk
2024/9/4 9:00,10-,4,20,1.68,25.3,0,,,0.6,2.8,k
2024/9/4 10:00,,,,2.35,27.1,0,,,0.8,2.7,kk
2024/9/4 11:00,,,,2.74,27.6,0,,,1,2.8,kk
2024/9/4 12:00,10-,4,30,1.81,27.8,0,,,0.2,3.4,k
2024/9/4 13:00,,,,1.3,27.7,0,,,0,3.3,kk
2024/9/4 14:00,,,,1.9,28.7,0,,,0.3,3,k
2024/9/4 15:00,5,2,30,1.65,29.3,0,,,0.5,2.9,k
2024/9/4 16:00,,,,1.55,28.6,0,,,1,3.5,k
2024/9/4 17:00,,,,0.88,27.3,0,,,1,3.1,
2024/9/4 18:00,2,2,30,0.21,26,0,,,0.5,4.5,k
2024/9/4 19:00,,,,0,25.3,0,,,0,4.6,k
2024/9/4 20:00,,,,0,24.7,0,,,0,3.7,k
2024/9/4 21:00,2,2,20,0,24.3,0,,,0,4.4,k
2024/9/4 22:00,,,,0,24.1,0,,,0,3.5,k
2024/9/4 23:00,,,,0,23.8,0,,,0,2.2,kk
2024/9/5 0:00,,,,0,23.8,0,,,0,2.6,k
2025/9/4 1:00,,,,0,28.1,0,,,0,1.2,쓌
2025/9/4 2:00,,,,0,28.6,0,,,0,2.6,k
2025/9/4 3:00,10-,4,15,0,27.5,0,,,0,1.8,쓌
2025/9/4 4:00,,,,0,26.9,3,,,0,2.9,k
2025/9/4 5:00,,,,0,26.3,2.5,,,0,2.7,kk
2025/9/4 6:00,10-,4,10,0.02,25.8,0,,,0,1.5,k
2025/9/4 7:00,,,,0.07,25.7,0,,,0,2.1,k
2025/9/4 8:00,,,,0.26,25.8,0,,,0,2.6,k
2025/9/4 9:00,10,10,15,0.35,26.2,0,,,0,2.7,k
2025/9/4 10:00,,,,0.5,27.8,0,,,0,2.6,k
2025/9/4 11:00,,,,0.69,27,0,,,0,1,kk
2025/9/4 12:00,10-,10,10,0.89,26.6,0.5,,,0,3.7,k
2025/9/4 13:00,,,,0.69,25.9,0.5,,,0,2.6,k
2025/9/4 14:00,,,,0.79,27,0,,,0,2.2,k
2025/9/4 15:00,10-,4,15,0.83,28,0,,,0,1.3,
2025/9/4 16:00,,,,0.47,27.8,0,,,0,0.8,
2025/9/4 17:00,,,,0.19,26.2,0,,,0,0.5,쓌
2025/9/4 18:00,10,4,10,0.03,26.6,0,,,0,1.5,쐼
2025/9/4 19:00,,,,0,26.1,0,,,0,2,쐼
2025/9/4 20:00,,,,0,26.6,0,,,0,1.8,
2025/9/4 21:00,10,4,15,0,26.5,0,,,0,1,k
2025/9/4 22:00,,,,0,26.5,0,,,0,1.3,k
2025/9/4 23:00,,,,0,26.6,0,,,0,1.3,쐼
2025/9/5 0:00,,,,0,26.4,0,,,0,2.9,쐼